               epoch,      train/box_loss,      train/obj_loss,      train/cls_loss,   metrics/precision,      metrics/recall,     metrics/mAP_0.5,metrics/mAP_0.5:0.95,        val/box_loss,        val/obj_loss,        val/cls_loss,               x/lr0,               x/lr1,               x/lr2
                   0,             0.11427,            0.049753,            0.029415,           0.0036498,              0.3386,           0.0031561,          0.00051239,              0.1079,            0.042432,            0.027327,              0.0004,              0.0004,              0.0964
                   1,             0.11218,            0.060511,            0.028287,           0.0036344,              0.3386,           0.0032724,          0.00057521,             0.10742,            0.042487,            0.027318,          0.00089703,          0.00089703,            0.091897
                   2,             0.11267,            0.057975,            0.029129,           0.0036493,              0.3386,           0.0028855,          0.00050564,             0.10712,            0.042555,            0.027304,           0.0013908,           0.0013908,            0.087391
                   3,             0.11083,            0.061867,            0.029242,           0.0039845,             0.36491,           0.0042758,          0.00074715,             0.10657,            0.042679,            0.027291,           0.0018812,           0.0018812,            0.082881
                   4,             0.10938,            0.057452,            0.028332,           0.0041723,             0.36491,           0.0035542,          0.00055606,              0.1062,            0.042742,            0.027281,           0.0023683,           0.0023683,            0.078368
                   5,             0.10813,             0.06561,             0.02838,           0.0041204,             0.36491,           0.0034844,          0.00048838,              0.1058,            0.042831,            0.027272,           0.0028522,           0.0028522,            0.073852
                   6,             0.10621,            0.059573,            0.027871,           0.0040502,             0.36491,           0.0051933,          0.00075121,             0.10539,            0.042949,            0.027263,           0.0033327,           0.0033327,            0.069333
                   7,             0.10727,            0.060218,            0.028058,           0.0040502,             0.36491,           0.0051933,          0.00075121,             0.10539,            0.042941,            0.027263,           0.0038099,           0.0038099,             0.06481
                   8,             0.10596,            0.054693,            0.028884,           0.0042147,             0.36491,           0.0041613,          0.00049347,             0.10516,            0.042996,            0.027257,           0.0042838,           0.0042838,            0.060284
                   9,             0.10639,            0.059566,            0.027985,           0.0036182,             0.29825,           0.0028372,          0.00036208,             0.10496,             0.04306,            0.027247,           0.0047545,           0.0047545,            0.055754
                  10,             0.10084,            0.061633,            0.027959,           0.0036182,             0.29825,           0.0028372,          0.00036208,             0.10496,            0.043042,            0.027247,           0.0052218,           0.0052218,            0.051222
                  11,             0.10323,            0.059378,            0.028293,           0.0034643,             0.29825,           0.0042044,          0.00055993,             0.10491,            0.043057,             0.02724,           0.0056858,           0.0056858,            0.046686
                  12,             0.10396,            0.058281,             0.02837,           0.0034643,             0.29825,           0.0042044,          0.00055993,             0.10491,            0.043067,             0.02724,           0.0061466,           0.0061466,            0.042147
                  13,             0.10252,            0.059833,            0.027751,           0.0034643,             0.29825,           0.0042044,          0.00055993,             0.10491,            0.043048,             0.02724,            0.006604,            0.006604,            0.037604
                  14,             0.10187,            0.059219,             0.02781,           0.0040893,             0.36491,           0.0042842,          0.00067847,             0.10506,            0.043063,            0.027229,           0.0070581,           0.0070581,            0.033058
                  15,            0.099644,            0.056195,            0.027545,           0.0040893,             0.36491,           0.0042842,          0.00067847,             0.10506,            0.043043,            0.027229,           0.0075089,           0.0075089,            0.028509
                  16,             0.10063,            0.058002,            0.027302,           0.0040893,             0.36491,           0.0042842,          0.00067847,             0.10506,            0.043053,            0.027229,           0.0079565,           0.0079565,            0.023956
                  17,              0.1007,            0.069398,            0.027496,           0.0035154,             0.30526,            0.003637,          0.00048041,             0.10541,            0.042977,            0.027222,           0.0084007,           0.0084007,            0.019401
                  18,             0.10141,            0.054692,            0.027694,           0.0035154,             0.30526,            0.003637,          0.00048041,             0.10541,            0.042977,            0.027222,           0.0088416,           0.0088416,            0.014842
                  19,            0.097859,            0.061447,             0.02726,           0.0035154,             0.30526,            0.003637,          0.00048041,             0.10541,            0.042988,            0.027222,           0.0092793,           0.0092793,            0.010279
                  20,            0.097947,            0.054946,            0.027713,           0.0047272,             0.39123,             0.01386,            0.001585,             0.10591,            0.042833,            0.027235,             0.00934,             0.00934,             0.00934
                  21,            0.098465,            0.051321,            0.027141,           0.0047272,             0.39123,             0.01386,            0.001585,             0.10591,            0.042845,            0.027235,             0.00934,             0.00934,             0.00934
                  22,             0.10078,            0.060719,            0.027209,           0.0047272,             0.39123,             0.01386,            0.001585,             0.10591,            0.042833,            0.027235,            0.009307,            0.009307,            0.009307
                  23,            0.099435,            0.058285,             0.02705,           0.0034557,             0.31228,           0.0025003,          0.00046091,             0.10636,            0.042584,            0.027273,            0.009274,            0.009274,            0.009274
                  24,             0.09709,            0.066328,             0.02756,           0.0034557,             0.31228,           0.0025003,          0.00046091,             0.10636,            0.042607,            0.027273,            0.009241,            0.009241,            0.009241
                  25,            0.098103,             0.05949,            0.027177,           0.0034557,             0.31228,           0.0025003,          0.00046091,             0.10636,            0.042584,            0.027273,            0.009208,            0.009208,            0.009208
                  26,            0.097961,            0.061243,            0.026847,           0.0062852,             0.33158,           0.0043498,          0.00069319,             0.10601,            0.043469,            0.027231,            0.009175,            0.009175,            0.009175
                  27,            0.096265,            0.063642,            0.027126,           0.0062852,             0.33158,           0.0043498,          0.00069319,             0.10601,            0.043477,            0.027231,            0.009142,            0.009142,            0.009142
                  28,            0.098412,            0.068748,            0.027016,           0.0062852,             0.33158,           0.0043498,          0.00069319,             0.10601,            0.043482,            0.027231,            0.009109,            0.009109,            0.009109
                  29,            0.099117,            0.060722,            0.026946,            0.024706,            0.026316,           0.0046608,          0.00092942,             0.10802,            0.048962,            0.031338,            0.009076,            0.009076,            0.009076
                  30,            0.098129,            0.062867,            0.027325,            0.024706,            0.026316,           0.0046608,          0.00092942,             0.10802,            0.048964,            0.031338,            0.009043,            0.009043,            0.009043
                  31,            0.097611,            0.058475,             0.02673,            0.024706,            0.026316,           0.0046608,          0.00092942,             0.10802,            0.048962,            0.031338,             0.00901,             0.00901,             0.00901
                  32,            0.098496,            0.060629,            0.027317,            0.024706,            0.026316,           0.0046608,          0.00092942,             0.10802,            0.048962,            0.031338,            0.008977,            0.008977,            0.008977
                  33,            0.097156,            0.059888,            0.027076,           0.0044345,             0.17895,           0.0029477,          0.00053655,             0.11116,             0.11638,            0.044556,            0.008944,            0.008944,            0.008944
                  34,            0.096651,            0.064952,             0.02697,           0.0044345,             0.17895,           0.0029477,          0.00053655,             0.11116,             0.11637,            0.044556,            0.008911,            0.008911,            0.008911
                  35,            0.097914,            0.058001,            0.027657,           0.0044345,             0.17895,           0.0029477,          0.00053655,             0.11116,             0.11637,            0.044556,            0.008878,            0.008878,            0.008878
                  36,            0.099656,            0.070524,            0.027016,           0.0038998,             0.20526,           0.0025357,          0.00038627,             0.11468,             0.26322,            0.064899,            0.008845,            0.008845,            0.008845
                  37,            0.098075,            0.067226,            0.026858,           0.0038998,             0.20526,           0.0025357,          0.00038627,             0.11468,             0.26322,            0.064899,            0.008812,            0.008812,            0.008812
                  38,            0.098186,            0.061676,            0.026975,           0.0038998,             0.20526,           0.0025357,          0.00038627,             0.11468,             0.26322,            0.064899,            0.008779,            0.008779,            0.008779
                  39,             0.09775,            0.063311,            0.027104,           0.0042918,             0.20526,           0.0024354,           0.0003675,             0.11537,              0.2312,            0.075801,            0.008746,            0.008746,            0.008746
                  40,             0.09627,            0.049508,            0.026707,           0.0042918,             0.20526,           0.0024354,           0.0003675,             0.11537,              0.2312,            0.075801,            0.008713,            0.008713,            0.008713
                  41,              0.1004,             0.08212,             0.02687,           0.0042918,             0.20526,           0.0024354,           0.0003675,             0.11537,              0.2312,            0.075801,             0.00868,             0.00868,             0.00868
                  42,            0.095665,            0.068956,            0.026757,            0.029279,            0.033333,           0.0047813,          0.00081323,             0.11641,             0.15913,            0.074351,            0.008647,            0.008647,            0.008647
                  43,            0.098847,            0.067334,            0.026824,            0.029279,            0.033333,           0.0047813,          0.00081323,             0.11641,             0.15913,            0.074351,            0.008614,            0.008614,            0.008614
                  44,            0.094832,            0.054543,            0.026842,            0.029279,            0.033333,           0.0047813,          0.00081323,             0.11641,             0.15913,            0.074351,            0.008581,            0.008581,            0.008581
                  45,            0.098563,            0.070462,            0.026945,           0.0055533,            0.033333,           0.0025181,          0.00049474,             0.11647,             0.14504,            0.071677,            0.008548,            0.008548,            0.008548
                  46,             0.09424,            0.063552,            0.026633,           0.0055533,            0.033333,           0.0025181,          0.00049474,             0.11647,             0.14504,            0.071677,            0.008515,            0.008515,            0.008515
                  47,            0.097651,            0.057934,            0.026677,           0.0055533,            0.033333,           0.0025181,          0.00049474,             0.11647,             0.14504,            0.071677,            0.008482,            0.008482,            0.008482
                  48,            0.096635,            0.074186,            0.026943,           0.0055533,            0.033333,           0.0025181,          0.00049474,             0.11647,             0.14504,            0.071677,            0.008449,            0.008449,            0.008449
                  49,            0.095447,            0.062956,            0.026729,            0.011834,            0.066667,            0.003547,          0.00087357,             0.11692,             0.18509,            0.076885,            0.008416,            0.008416,            0.008416
                  50,            0.097448,            0.060165,            0.026571,            0.011834,            0.066667,            0.003547,          0.00087357,             0.11692,             0.18509,            0.076885,            0.008383,            0.008383,            0.008383
                  51,            0.094645,            0.068717,            0.026334,            0.011834,            0.066667,            0.003547,          0.00087357,             0.11692,             0.18509,            0.076885,             0.00835,             0.00835,             0.00835
                  52,            0.092794,            0.060015,            0.026404,            0.006244,            0.033333,           0.0021721,            0.000484,             0.11538,               0.113,            0.062519,            0.008317,            0.008317,            0.008317
                  53,            0.097259,            0.073798,            0.026648,            0.006244,            0.033333,           0.0021721,            0.000484,             0.11538,               0.113,            0.062519,            0.008284,            0.008284,            0.008284
                  54,            0.095497,            0.067002,            0.026751,            0.006244,            0.033333,           0.0021721,            0.000484,             0.11538,               0.113,            0.062519,            0.008251,            0.008251,            0.008251
                  55,             0.10022,            0.057831,            0.027196,           0.0086016,            0.033333,           0.0031871,          0.00066038,             0.11451,            0.071655,            0.056129,            0.008218,            0.008218,            0.008218
                  56,            0.097969,            0.051926,            0.026391,           0.0086016,            0.033333,           0.0031871,          0.00066038,             0.11451,            0.071648,            0.056129,            0.008185,            0.008185,            0.008185
                  57,             0.09754,            0.069999,            0.026376,           0.0086016,            0.033333,           0.0031871,          0.00066038,             0.11451,            0.071648,            0.056129,            0.008152,            0.008152,            0.008152
                  58,            0.092183,            0.057001,             0.02581,           0.0078239,            0.059649,           0.0033421,          0.00064576,             0.11438,            0.059846,            0.051084,            0.008119,            0.008119,            0.008119
                  59,            0.094401,            0.066104,            0.026841,           0.0078239,            0.059649,           0.0033421,          0.00064576,             0.11438,            0.059846,            0.051084,            0.008086,            0.008086,            0.008086
                  60,            0.096101,            0.069437,            0.026301,           0.0078239,            0.059649,           0.0033421,          0.00064576,             0.11438,            0.059848,            0.051084,            0.008053,            0.008053,            0.008053
                  61,            0.092782,            0.074105,            0.026179,            0.020263,                 0.1,           0.0067093,           0.0015867,             0.11386,            0.053489,            0.046497,             0.00802,             0.00802,             0.00802
                  62,            0.088969,            0.070607,             0.02625,            0.020263,                 0.1,           0.0067093,           0.0015867,             0.11386,            0.053489,            0.046497,            0.007987,            0.007987,            0.007987
                  63,            0.094732,            0.065747,            0.026787,            0.020263,                 0.1,           0.0067093,           0.0015867,             0.11386,             0.05349,            0.046497,            0.007954,            0.007954,            0.007954
                  64,             0.09577,            0.079664,            0.026511,            0.020263,                 0.1,           0.0067093,           0.0015867,             0.11386,             0.05349,            0.046497,            0.007921,            0.007921,            0.007921
                  65,            0.093704,            0.065216,            0.026315,            0.016378,            0.066667,           0.0067627,           0.0016737,              0.1092,            0.042931,            0.038642,            0.007888,            0.007888,            0.007888
                  66,            0.088743,            0.048815,            0.024672,            0.016378,            0.066667,           0.0067627,           0.0016737,              0.1092,             0.04293,            0.038642,            0.007855,            0.007855,            0.007855
                  67,            0.093485,            0.054673,            0.025888,            0.016378,            0.066667,           0.0067627,           0.0016737,              0.1092,            0.042931,            0.038642,            0.007822,            0.007822,            0.007822
                  68,            0.094861,            0.068886,            0.026654,            0.012138,             0.24561,           0.0061619,           0.0013835,             0.10619,            0.037048,            0.029848,            0.007789,            0.007789,            0.007789
                  69,            0.091748,            0.074872,            0.026128,            0.012138,             0.24561,           0.0061619,           0.0013835,             0.10619,            0.037045,            0.029848,            0.007756,            0.007756,            0.007756
                  70,            0.093681,            0.065374,            0.026264,            0.012138,             0.24561,           0.0061619,           0.0013835,             0.10619,            0.037045,            0.029848,            0.007723,            0.007723,            0.007723
                  71,            0.090384,            0.065384,             0.02596,           0.0090239,            0.066667,           0.0048817,           0.0010879,            0.098875,            0.038594,            0.027147,             0.00769,             0.00769,             0.00769
                  72,            0.092553,            0.054712,            0.026237,           0.0090239,            0.066667,           0.0048817,           0.0010879,            0.098875,            0.038594,            0.027147,            0.007657,            0.007657,            0.007657
                  73,            0.088938,            0.061397,            0.025885,           0.0090239,            0.066667,           0.0048817,           0.0010879,            0.098875,            0.038597,            0.027147,            0.007624,            0.007624,            0.007624
                  74,            0.090277,            0.073379,            0.025605,            0.014825,                 0.1,           0.0069371,           0.0012815,            0.095017,            0.039839,            0.026155,            0.007591,            0.007591,            0.007591
                  75,            0.092303,            0.059414,            0.025397,            0.014825,                 0.1,           0.0069371,           0.0012815,            0.095017,            0.039834,            0.026155,            0.007558,            0.007558,            0.007558
                  76,            0.091208,            0.071319,             0.02595,            0.014825,                 0.1,           0.0069371,           0.0012815,            0.095017,            0.039839,            0.026155,            0.007525,            0.007525,            0.007525
                  77,            0.092792,             0.05829,            0.025616,            0.038372,            0.033333,           0.0070809,           0.0013345,            0.093582,            0.040608,             0.02531,            0.007492,            0.007492,            0.007492
                  78,            0.091878,            0.063708,            0.025105,            0.038372,            0.033333,           0.0070809,           0.0013345,            0.093582,              0.0406,             0.02531,            0.007459,            0.007459,            0.007459
                  79,            0.092935,            0.069418,            0.025881,            0.038372,            0.033333,           0.0070809,           0.0013345,            0.093582,            0.040604,             0.02531,            0.007426,            0.007426,            0.007426
                  80,            0.091581,            0.070141,             0.02509,            0.038372,            0.033333,           0.0070809,           0.0013345,            0.093582,              0.0406,             0.02531,            0.007393,            0.007393,            0.007393
                  81,            0.091289,            0.067982,            0.026102,            0.011344,            0.092982,           0.0051148,          0.00095856,             0.09242,            0.040463,            0.025142,             0.00736,             0.00736,             0.00736
                  82,            0.089008,            0.064131,            0.024964,            0.011344,            0.092982,           0.0051148,          0.00095856,             0.09242,            0.040463,            0.025142,            0.007327,            0.007327,            0.007327
                  83,            0.093784,            0.066567,            0.026238,            0.011344,            0.092982,           0.0051148,          0.00095856,             0.09242,            0.040471,            0.025142,            0.007294,            0.007294,            0.007294
                  84,            0.091797,            0.062126,            0.025348,             0.12181,            0.033333,            0.014509,           0.0030011,            0.093663,            0.039949,            0.025257,            0.007261,            0.007261,            0.007261
                  85,            0.089044,             0.07142,            0.025844,             0.12181,            0.033333,            0.014509,           0.0030011,            0.093663,            0.039961,            0.025257,            0.007228,            0.007228,            0.007228
                  86,            0.089919,            0.061333,            0.026014,             0.12181,            0.033333,            0.014509,           0.0030011,            0.093663,            0.039949,            0.025257,            0.007195,            0.007195,            0.007195
                  87,            0.091455,            0.057636,            0.026164,            0.024565,            0.059649,           0.0075488,           0.0015467,             0.09699,            0.038345,            0.025357,            0.007162,            0.007162,            0.007162
                  88,            0.089933,            0.070825,            0.024599,            0.024565,            0.059649,           0.0075488,           0.0015467,             0.09699,            0.038351,            0.025357,            0.007129,            0.007129,            0.007129
                  89,              0.0919,            0.055434,            0.025525,            0.024565,            0.059649,           0.0075488,           0.0015467,             0.09699,            0.038349,            0.025357,            0.007096,            0.007096,            0.007096
                  90,            0.088928,            0.067527,            0.025055,            0.069978,            0.033333,            0.009486,           0.0018792,            0.095242,            0.038456,            0.024974,            0.007063,            0.007063,            0.007063
                  91,            0.087099,            0.063694,            0.024028,            0.069978,            0.033333,            0.009486,           0.0018792,            0.095242,            0.038409,            0.024974,             0.00703,             0.00703,             0.00703
                  92,            0.089289,            0.059731,            0.025007,            0.069978,            0.033333,            0.009486,           0.0018792,            0.095242,            0.038456,            0.024974,            0.006997,            0.006997,            0.006997
                  93,            0.085912,            0.059052,            0.024741,            0.016091,            0.066667,           0.0055244,          0.00080127,            0.094217,            0.038679,            0.024237,            0.006964,            0.006964,            0.006964
                  94,            0.086863,            0.072164,            0.024814,            0.016091,            0.066667,           0.0055244,          0.00080127,            0.094217,            0.038679,            0.024237,            0.006931,            0.006931,            0.006931
                  95,            0.088399,            0.064084,            0.025342,            0.016091,            0.066667,           0.0055244,          0.00080127,            0.094217,            0.038679,            0.024237,            0.006898,            0.006898,            0.006898
                  96,            0.090592,            0.066272,            0.025443,            0.016091,            0.066667,           0.0055244,          0.00080127,            0.094217,            0.038679,            0.024237,            0.006865,            0.006865,            0.006865
                  97,            0.087955,            0.074711,            0.024685,            0.011488,             0.15263,           0.0055189,           0.0014076,            0.093877,            0.039443,            0.023709,            0.006832,            0.006832,            0.006832
                  98,            0.087093,            0.065802,            0.024807,            0.011488,             0.15263,           0.0055189,           0.0014076,            0.093877,            0.039443,            0.023709,            0.006799,            0.006799,            0.006799
                  99,            0.091699,            0.063325,            0.024626,            0.011488,             0.15263,           0.0055189,           0.0014076,            0.093877,            0.039443,            0.023709,            0.006766,            0.006766,            0.006766
                 100,            0.085589,            0.064844,            0.024438,            0.019614,             0.12632,            0.008065,           0.0014395,            0.093421,            0.039542,             0.02353,            0.006733,            0.006733,            0.006733
                 101,            0.089643,            0.065078,            0.025059,            0.019614,             0.12632,            0.008065,           0.0014395,            0.093421,            0.039541,             0.02353,              0.0067,              0.0067,              0.0067
                 102,            0.086975,            0.067615,            0.024028,            0.019614,             0.12632,            0.008065,           0.0014395,            0.093421,            0.039497,             0.02353,            0.006667,            0.006667,            0.006667
                 103,            0.085062,            0.070692,            0.024334,            0.032567,             0.12632,            0.012108,           0.0022227,              0.0919,            0.039495,             0.02317,            0.006634,            0.006634,            0.006634
                 104,            0.088253,            0.068214,            0.025443,            0.032567,             0.12632,            0.012108,           0.0022227,              0.0919,            0.039472,             0.02317,            0.006601,            0.006601,            0.006601
                 105,            0.090324,            0.076309,             0.02467,            0.032567,             0.12632,            0.012108,           0.0022227,              0.0919,            0.039472,             0.02317,            0.006568,            0.006568,            0.006568
                 106,            0.087101,            0.060459,            0.024659,            0.033485,             0.18596,            0.015422,           0.0035643,            0.088607,            0.041132,            0.022967,            0.006535,            0.006535,            0.006535
                 107,            0.089353,            0.058175,            0.025015,            0.033485,             0.18596,            0.015422,           0.0035643,            0.088607,            0.041146,            0.022967,            0.006502,            0.006502,            0.006502
                 108,            0.087337,            0.061196,             0.02474,            0.033485,             0.18596,            0.015422,           0.0035643,            0.088607,            0.041136,            0.022967,            0.006469,            0.006469,            0.006469
                 109,            0.083676,            0.078752,            0.024207,            0.039459,             0.21228,            0.020186,           0.0037921,             0.08497,            0.043536,            0.022342,            0.006436,            0.006436,            0.006436
                 110,            0.090214,            0.069534,            0.025636,            0.039459,             0.21228,            0.020186,           0.0037921,             0.08497,            0.043528,            0.022342,            0.006403,            0.006403,            0.006403
                 111,            0.083343,            0.055727,            0.023194,            0.039459,             0.21228,            0.020186,           0.0037921,             0.08497,            0.043528,            0.022342,             0.00637,             0.00637,             0.00637
                 112,            0.084871,            0.067442,            0.023572,            0.039459,             0.21228,            0.020186,           0.0037921,             0.08497,            0.043528,            0.022342,            0.006337,            0.006337,            0.006337
                 113,            0.086814,             0.06126,            0.023673,            0.064952,             0.18596,              0.0311,           0.0045877,            0.084681,            0.043801,            0.021839,            0.006304,            0.006304,            0.006304
                 114,            0.086239,            0.064763,            0.024843,            0.064952,             0.18596,              0.0311,           0.0045877,            0.084681,            0.043808,            0.021839,            0.006271,            0.006271,            0.006271
                 115,            0.084055,            0.056573,            0.023976,            0.064952,             0.18596,              0.0311,           0.0045877,            0.084681,            0.043806,            0.021839,            0.006238,            0.006238,            0.006238
                 116,            0.085174,            0.069814,            0.024019,            0.055487,             0.19298,            0.026649,           0.0047884,            0.085106,            0.043599,            0.021581,            0.006205,            0.006205,            0.006205
                 117,            0.092559,            0.050494,            0.024059,            0.055487,             0.19298,            0.026649,           0.0047884,            0.085106,            0.043591,            0.021581,            0.006172,            0.006172,            0.006172
                 118,            0.084113,            0.063354,            0.024315,            0.055487,             0.19298,            0.026649,           0.0047884,            0.085106,            0.043591,            0.021581,            0.006139,            0.006139,            0.006139
                 119,            0.087612,            0.063407,            0.024015,            0.043826,             0.27895,            0.024273,           0.0053512,            0.084911,            0.043723,            0.021514,            0.006106,            0.006106,            0.006106
                 120,            0.086367,            0.060342,            0.024316,            0.043826,             0.27895,            0.024273,           0.0053512,            0.084911,            0.043716,            0.021514,            0.006073,            0.006073,            0.006073
                 121,            0.084708,            0.072518,            0.022648,            0.043826,             0.27895,            0.024273,           0.0053512,            0.084911,            0.043723,            0.021514,             0.00604,             0.00604,             0.00604
                 122,            0.085575,            0.058754,            0.023528,            0.095461,             0.15263,            0.039212,           0.0072292,            0.083595,            0.043761,            0.021074,            0.006007,            0.006007,            0.006007
                 123,            0.084459,            0.074623,            0.024141,            0.095461,             0.15263,            0.039212,           0.0072292,            0.083595,            0.043745,            0.021074,            0.005974,            0.005974,            0.005974
                 124,             0.07973,            0.063057,            0.021963,            0.095461,             0.15263,            0.039212,           0.0072292,            0.083595,            0.043752,            0.021074,            0.005941,            0.005941,            0.005941
                 125,            0.084316,            0.059817,            0.023538,            0.078382,             0.21228,            0.036625,           0.0069989,            0.082715,            0.043852,            0.021054,            0.005908,            0.005908,            0.005908
                 126,            0.085258,            0.079496,            0.023196,            0.078382,             0.21228,            0.036625,           0.0069989,            0.082715,            0.043852,            0.021054,            0.005875,            0.005875,            0.005875
                 127,            0.085294,            0.066864,            0.023907,            0.078382,             0.21228,            0.036625,           0.0069989,            0.082715,            0.043852,            0.021054,            0.005842,            0.005842,            0.005842
                 128,            0.083605,            0.056288,             0.02328,            0.078382,             0.21228,            0.036625,           0.0069989,            0.082715,            0.043835,            0.021054,            0.005809,            0.005809,            0.005809
                 129,            0.083567,            0.060474,            0.022954,            0.095044,             0.21228,             0.04486,           0.0085653,            0.083477,            0.043635,            0.021042,            0.005776,            0.005776,            0.005776
                 130,            0.086235,            0.058609,            0.022887,            0.095044,             0.21228,             0.04486,           0.0085653,            0.083477,            0.043644,            0.021042,            0.005743,            0.005743,            0.005743
                 131,             0.08323,            0.069017,            0.022509,            0.095044,             0.21228,             0.04486,           0.0085653,            0.083477,            0.043644,            0.021042,             0.00571,             0.00571,             0.00571
                 132,            0.086742,            0.064653,            0.023763,            0.091834,             0.15263,            0.035982,           0.0081593,            0.083752,            0.043774,            0.020978,            0.005677,            0.005677,            0.005677
                 133,             0.08208,            0.052739,            0.022799,            0.091834,             0.15263,            0.035982,           0.0081593,            0.083752,            0.043774,            0.020978,            0.005644,            0.005644,            0.005644
                 134,            0.084968,            0.069049,            0.022911,            0.091834,             0.15263,            0.035982,           0.0081593,            0.083752,            0.043781,            0.020978,            0.005611,            0.005611,            0.005611
                 135,            0.087429,            0.067671,            0.024042,             0.15442,             0.17895,            0.062153,            0.012071,             0.08397,            0.043673,            0.020794,            0.005578,            0.005578,            0.005578
                 136,            0.083211,            0.056854,            0.022276,             0.15442,             0.17895,            0.062153,            0.012071,             0.08397,            0.043683,            0.020794,            0.005545,            0.005545,            0.005545
                 137,             0.08416,            0.062439,            0.023073,             0.15442,             0.17895,            0.062153,            0.012071,             0.08397,            0.043683,            0.020794,            0.005512,            0.005512,            0.005512
                 138,             0.08411,            0.060292,            0.022805,            0.091294,             0.18596,            0.041754,           0.0076986,            0.084685,            0.043461,            0.020837,            0.005479,            0.005479,            0.005479
                 139,            0.082659,            0.049149,            0.022958,            0.091294,             0.18596,            0.041754,           0.0076986,            0.084685,            0.043461,            0.020837,            0.005446,            0.005446,            0.005446
                 140,            0.086007,            0.062822,            0.023572,            0.091294,             0.18596,            0.041754,           0.0076986,            0.084685,            0.043461,            0.020837,            0.005413,            0.005413,            0.005413
                 141,            0.083769,            0.061514,            0.022638,            0.064703,             0.25263,            0.047776,            0.010568,            0.084946,            0.043729,            0.020959,             0.00538,             0.00538,             0.00538
                 142,            0.083202,            0.076489,            0.023275,            0.064703,             0.25263,            0.047776,            0.010568,            0.084946,             0.04372,            0.020959,            0.005347,            0.005347,            0.005347
                 143,            0.080402,             0.05422,            0.021129,            0.064703,             0.25263,            0.047776,            0.010568,            0.084946,            0.043737,            0.020959,            0.005314,            0.005314,            0.005314
                 144,            0.081837,             0.06062,            0.021831,            0.064703,             0.25263,            0.047776,            0.010568,            0.084946,             0.04372,            0.020959,            0.005281,            0.005281,            0.005281
                 145,            0.085041,            0.073924,             0.02274,            0.093412,             0.21228,            0.059419,            0.011789,            0.084917,            0.043907,               0.021,            0.005248,            0.005248,            0.005248
                 146,            0.084956,             0.06501,            0.022722,            0.093412,             0.21228,            0.059419,            0.011789,            0.084917,              0.0439,               0.021,            0.005215,            0.005215,            0.005215
                 147,            0.085555,            0.070515,            0.023291,            0.093412,             0.21228,            0.059419,            0.011789,            0.084917,              0.0439,               0.021,            0.005182,            0.005182,            0.005182
                 148,            0.085668,            0.080602,            0.023075,             0.18051,             0.13333,            0.072811,            0.013812,            0.085294,            0.043995,            0.020966,            0.005149,            0.005149,            0.005149
                 149,            0.083189,            0.070785,            0.022977,             0.18051,             0.13333,            0.072811,            0.013812,            0.085294,            0.043995,            0.020966,            0.005116,            0.005116,            0.005116
                 150,            0.081721,            0.074118,            0.023957,             0.18051,             0.13333,            0.072811,            0.013812,            0.085294,            0.043999,            0.020966,            0.005083,            0.005083,            0.005083
                 151,             0.08313,            0.068014,            0.022377,             0.18518,             0.12533,            0.058595,            0.011758,            0.086167,             0.04367,            0.021064,             0.00505,             0.00505,             0.00505
                 152,            0.083678,            0.068003,            0.022282,             0.18518,             0.12533,            0.058595,            0.011758,            0.086167,             0.04367,            0.021064,            0.005017,            0.005017,            0.005017
                 153,            0.084725,            0.061963,            0.022417,             0.18518,             0.12533,            0.058595,            0.011758,            0.086167,            0.043676,            0.021064,            0.004984,            0.004984,            0.004984
                 154,             0.08238,            0.062083,            0.021713,             0.22726,             0.16665,             0.10455,             0.01553,            0.085887,            0.043872,            0.021046,            0.004951,            0.004951,            0.004951
                 155,            0.086795,            0.067439,            0.023795,             0.22726,             0.16665,             0.10455,             0.01553,            0.085887,            0.043868,            0.021046,            0.004918,            0.004918,            0.004918
                 156,            0.082962,            0.074341,            0.022327,             0.22726,             0.16665,             0.10455,             0.01553,            0.085887,            0.043881,            0.021046,            0.004885,            0.004885,            0.004885
                 157,            0.080198,            0.062048,            0.021697,             0.10079,             0.21228,            0.068189,            0.012281,            0.085256,            0.044079,            0.020943,            0.004852,            0.004852,            0.004852
                 158,            0.083934,            0.065033,            0.021796,             0.10079,             0.21228,            0.068189,            0.012281,            0.085256,            0.044079,            0.020943,            0.004819,            0.004819,            0.004819
                 159,            0.084244,            0.055063,            0.021235,             0.10079,             0.21228,            0.068189,            0.012281,            0.085256,            0.044079,            0.020943,            0.004786,            0.004786,            0.004786
                 160,            0.089325,            0.066745,            0.022971,             0.10079,             0.21228,            0.068189,            0.012281,            0.085256,            0.044079,            0.020943,            0.004753,            0.004753,            0.004753
                 161,            0.082429,             0.08169,            0.022092,             0.16322,             0.24561,            0.076412,            0.014907,            0.084728,            0.044214,             0.02088,             0.00472,             0.00472,             0.00472
                 162,            0.086833,            0.071619,            0.022811,             0.16322,             0.24561,            0.076412,            0.014907,            0.084728,            0.044209,             0.02088,            0.004687,            0.004687,            0.004687
                 163,            0.079242,            0.062774,            0.021067,             0.16322,             0.24561,            0.076412,            0.014907,            0.084728,            0.044214,             0.02088,            0.004654,            0.004654,            0.004654
                 164,            0.083698,            0.063735,            0.022108,              0.1691,             0.24561,            0.074829,            0.012481,            0.084402,            0.044221,            0.020799,            0.004621,            0.004621,            0.004621
                 165,            0.085137,            0.060069,            0.021785,              0.1691,             0.24561,            0.074829,            0.012481,            0.084402,            0.044234,            0.020799,            0.004588,            0.004588,            0.004588
                 166,            0.084212,            0.056419,            0.021624,              0.1691,             0.24561,            0.074829,            0.012481,            0.084402,            0.044234,            0.020799,            0.004555,            0.004555,            0.004555
                 167,            0.087885,            0.073556,            0.022642,             0.13355,             0.18596,            0.051589,            0.010943,            0.083542,            0.044366,            0.020632,            0.004522,            0.004522,            0.004522
                 168,            0.084701,            0.058069,            0.021319,             0.13355,             0.18596,            0.051589,            0.010943,            0.083542,            0.044366,            0.020632,            0.004489,            0.004489,            0.004489
                 169,            0.084561,             0.07371,            0.021679,             0.13355,             0.18596,            0.051589,            0.010943,            0.083542,            0.044366,            0.020632,            0.004456,            0.004456,            0.004456
                 170,             0.08582,            0.074255,            0.022464,             0.20575,             0.12632,              0.0617,            0.012033,            0.083537,            0.044519,            0.020519,            0.004423,            0.004423,            0.004423
                 171,            0.081235,            0.075678,            0.022574,             0.20575,             0.12632,              0.0617,            0.012033,            0.083537,            0.044519,            0.020519,             0.00439,             0.00439,             0.00439
                 172,             0.08639,            0.079339,            0.022598,             0.20575,             0.12632,              0.0617,            0.012033,            0.083537,            0.044542,            0.020519,            0.004357,            0.004357,            0.004357
                 173,            0.083507,            0.066446,            0.021747,             0.17206,              0.2193,             0.07214,            0.013483,            0.083673,            0.044483,            0.020468,            0.004324,            0.004324,            0.004324
                 174,            0.079066,            0.071166,            0.020662,             0.17206,              0.2193,             0.07214,            0.013483,            0.083673,            0.044483,            0.020468,            0.004291,            0.004291,            0.004291
                 175,            0.085209,            0.069323,            0.021772,             0.17206,              0.2193,             0.07214,            0.013483,            0.083673,            0.044464,            0.020468,            0.004258,            0.004258,            0.004258
                 176,            0.082149,            0.061027,            0.021544,             0.17206,              0.2193,             0.07214,            0.013483,            0.083673,            0.044488,            0.020468,            0.004225,            0.004225,            0.004225
                 177,            0.083614,             0.06826,              0.0215,             0.16478,              0.2193,            0.079173,            0.012909,            0.083527,            0.044303,            0.020422,            0.004192,            0.004192,            0.004192
                 178,            0.081379,               0.063,            0.022425,             0.16478,              0.2193,            0.079173,            0.012909,            0.083527,            0.044321,            0.020422,            0.004159,            0.004159,            0.004159
                 179,            0.079673,             0.06204,            0.020988,             0.16478,              0.2193,            0.079173,            0.012909,            0.083527,            0.044297,            0.020422,            0.004126,            0.004126,            0.004126
                 180,            0.078166,            0.064388,            0.021188,             0.17119,             0.15965,            0.064199,            0.015184,            0.083494,            0.044181,            0.020489,            0.004093,            0.004093,            0.004093
                 181,            0.082544,            0.059056,            0.021829,             0.17119,             0.15965,            0.064199,            0.015184,            0.083494,            0.044181,            0.020489,             0.00406,             0.00406,             0.00406
                 182,            0.079506,            0.059501,            0.020699,             0.17119,             0.15965,            0.064199,            0.015184,            0.083494,            0.044156,            0.020489,            0.004027,            0.004027,            0.004027
                 183,            0.079256,            0.069569,            0.020902,              0.1181,              0.2193,            0.053889,            0.012431,             0.08356,            0.044193,            0.020419,            0.003994,            0.003994,            0.003994
                 184,            0.082342,            0.064212,            0.022539,              0.1181,              0.2193,            0.053889,            0.012431,             0.08356,             0.04422,            0.020419,            0.003961,            0.003961,            0.003961
                 185,            0.082927,             0.05972,            0.020373,              0.1181,              0.2193,            0.053889,            0.012431,             0.08356,             0.04422,            0.020419,            0.003928,            0.003928,            0.003928
                 186,            0.081446,             0.08017,            0.021363,             0.12729,              0.2193,            0.061076,            0.011029,             0.08325,            0.044336,            0.020326,            0.003895,            0.003895,            0.003895
                 187,             0.08125,            0.070225,            0.020209,             0.12729,              0.2193,            0.061076,            0.011029,             0.08325,            0.044336,            0.020326,            0.003862,            0.003862,            0.003862
                 188,            0.083755,            0.060132,            0.022409,             0.12729,              0.2193,            0.061076,            0.011029,             0.08325,            0.044336,            0.020326,            0.003829,            0.003829,            0.003829
                 189,            0.078096,            0.055355,             0.01936,             0.12169,             0.21961,             0.10387,            0.015291,            0.082116,            0.044379,            0.019976,            0.003796,            0.003796,            0.003796
                 190,            0.082427,            0.061459,            0.021289,             0.12169,             0.21961,             0.10387,            0.015291,            0.082116,            0.044379,            0.019976,            0.003763,            0.003763,            0.003763
                 191,            0.080062,            0.075112,            0.020485,             0.12169,             0.21961,             0.10387,            0.015291,            0.082116,            0.044407,            0.019976,             0.00373,             0.00373,             0.00373
                 192,             0.08575,            0.075501,            0.020914,             0.12169,             0.21961,             0.10387,            0.015291,            0.082116,            0.044407,            0.019976,            0.003697,            0.003697,            0.003697
                 193,            0.086284,             0.06961,            0.021889,             0.18145,             0.15965,            0.086787,            0.017239,            0.081253,            0.044749,            0.019754,            0.003664,            0.003664,            0.003664
                 194,            0.082825,             0.06685,             0.02042,             0.18145,             0.15965,            0.086787,            0.017239,            0.081253,            0.044702,            0.019754,            0.003631,            0.003631,            0.003631
                 195,            0.080398,            0.068842,             0.02101,             0.18145,             0.15965,            0.086787,            0.017239,            0.081253,            0.044731,            0.019754,            0.003598,            0.003598,            0.003598
                 196,            0.080843,            0.055895,            0.020547,             0.16338,             0.15965,            0.082504,            0.015231,            0.080645,            0.045023,            0.019789,            0.003565,            0.003565,            0.003565
                 197,            0.082169,            0.077378,            0.020489,             0.16338,             0.15965,            0.082504,            0.015231,            0.080645,            0.045023,            0.019789,            0.003532,            0.003532,            0.003532
                 198,            0.083319,            0.059634,            0.021067,             0.16338,             0.15965,            0.082504,            0.015231,            0.080645,            0.045023,            0.019789,            0.003499,            0.003499,            0.003499
                 199,            0.081481,            0.059995,            0.021316,             0.16226,             0.15965,            0.077013,            0.014707,            0.079491,            0.045042,            0.019519,            0.003466,            0.003466,            0.003466
                 200,            0.079793,            0.075693,            0.020118,             0.16226,             0.15965,            0.077013,            0.014707,            0.079491,            0.045042,            0.019519,            0.003433,            0.003433,            0.003433
                 201,             0.07886,            0.070156,            0.019592,             0.16226,             0.15965,            0.077013,            0.014707,            0.079491,            0.045073,            0.019519,              0.0034,              0.0034,              0.0034
                 202,            0.080281,            0.064513,            0.020696,             0.11646,             0.20526,            0.080638,            0.016562,            0.079011,            0.044873,            0.019417,            0.003367,            0.003367,            0.003367
                 203,            0.080983,            0.067685,            0.019382,             0.11646,             0.20526,            0.080638,            0.016562,            0.079011,            0.044873,            0.019417,            0.003334,            0.003334,            0.003334
                 204,            0.077622,            0.064122,            0.020828,             0.11646,             0.20526,            0.080638,            0.016562,            0.079011,            0.044894,            0.019417,            0.003301,            0.003301,            0.003301
                 205,            0.082122,            0.063281,             0.01981,             0.15973,             0.23158,             0.10468,            0.018728,            0.078933,            0.044831,            0.019203,            0.003268,            0.003268,            0.003268
                 206,            0.081094,            0.055392,            0.021011,             0.15973,             0.23158,             0.10468,            0.018728,            0.078933,            0.044831,            0.019203,            0.003235,            0.003235,            0.003235
                 207,            0.082023,            0.063055,             0.01941,             0.15973,             0.23158,             0.10468,            0.018728,            0.078933,            0.044831,            0.019203,            0.003202,            0.003202,            0.003202
                 208,            0.078423,            0.069888,            0.019895,             0.15973,             0.23158,             0.10468,            0.018728,            0.078933,            0.044831,            0.019203,            0.003169,            0.003169,            0.003169
                 209,            0.082854,            0.069512,            0.021127,             0.24435,             0.15036,             0.10319,            0.015154,            0.078771,            0.044663,             0.01902,            0.003136,            0.003136,            0.003136
                 210,            0.078749,             0.05605,            0.019677,             0.24435,             0.15036,             0.10319,            0.015154,            0.078771,             0.04463,             0.01902,            0.003103,            0.003103,            0.003103
                 211,            0.080596,             0.06607,            0.020057,             0.24435,             0.15036,             0.10319,            0.015154,            0.078771,            0.044685,             0.01902,             0.00307,             0.00307,             0.00307
                 212,            0.079789,            0.069187,            0.020591,             0.20412,             0.17895,             0.09276,            0.014506,            0.078201,            0.044598,            0.018775,            0.003037,            0.003037,            0.003037
                 213,            0.080354,            0.070131,             0.02126,             0.20412,             0.17895,             0.09276,            0.014506,            0.078201,            0.044598,            0.018775,            0.003004,            0.003004,            0.003004
                 214,            0.082067,            0.072651,            0.019609,             0.20412,             0.17895,             0.09276,            0.014506,            0.078201,            0.044653,            0.018775,            0.002971,            0.002971,            0.002971
                 215,            0.080045,            0.062345,            0.019006,             0.26942,             0.17193,            0.093585,             0.01655,             0.07768,            0.044655,             0.01869,            0.002938,            0.002938,            0.002938
                 216,            0.078953,            0.068218,            0.018907,             0.26942,             0.17193,            0.093585,             0.01655,             0.07768,            0.044715,             0.01869,            0.002905,            0.002905,            0.002905
                 217,            0.079637,            0.067717,            0.020112,             0.26942,             0.17193,            0.093585,             0.01655,             0.07768,            0.044715,             0.01869,            0.002872,            0.002872,            0.002872
                 218,            0.079164,            0.065033,            0.019396,             0.29505,             0.23819,             0.13227,             0.01827,            0.077787,            0.044634,            0.018595,            0.002839,            0.002839,            0.002839
                 219,            0.081575,            0.060569,            0.018939,             0.29505,             0.23819,             0.13227,             0.01827,            0.077787,            0.044634,            0.018595,            0.002806,            0.002806,            0.002806
                 220,            0.080659,            0.078332,            0.020394,             0.29505,             0.23819,             0.13227,             0.01827,            0.077787,            0.044634,            0.018595,            0.002773,            0.002773,            0.002773
                 221,            0.079519,            0.062384,             0.02047,             0.28691,             0.21228,             0.15935,            0.034118,            0.077571,            0.044609,            0.018544,             0.00274,             0.00274,             0.00274
                 222,            0.079551,             0.06269,            0.018684,             0.28691,             0.21228,             0.15935,            0.034118,            0.077571,            0.044609,            0.018544,            0.002707,            0.002707,            0.002707
                 223,            0.077353,            0.067557,            0.019893,             0.28691,             0.21228,             0.15935,            0.034118,            0.077571,            0.044609,            0.018544,            0.002674,            0.002674,            0.002674
                 224,            0.077984,            0.071271,            0.019246,             0.28691,             0.21228,             0.15935,            0.034118,            0.077571,            0.044609,            0.018544,            0.002641,            0.002641,            0.002641
                 225,            0.079617,            0.060994,            0.020332,             0.33868,             0.21075,             0.15424,            0.030805,            0.077818,            0.044671,            0.018489,            0.002608,            0.002608,            0.002608
                 226,            0.079559,             0.07074,            0.020267,             0.33868,             0.21075,             0.15424,            0.030805,            0.077818,            0.044696,            0.018489,            0.002575,            0.002575,            0.002575
                 227,            0.080385,            0.069308,            0.020015,             0.33868,             0.21075,             0.15424,            0.030805,            0.077818,            0.044642,            0.018489,            0.002542,            0.002542,            0.002542
                 228,            0.078707,            0.058442,            0.019227,             0.32041,             0.21228,             0.16202,            0.030284,            0.077783,            0.044636,            0.018377,            0.002509,            0.002509,            0.002509
                 229,            0.077279,            0.058728,             0.01905,             0.32041,             0.21228,             0.16202,            0.030284,            0.077783,            0.044608,            0.018377,            0.002476,            0.002476,            0.002476
                 230,            0.076081,            0.066803,            0.017396,             0.32041,             0.21228,             0.16202,            0.030284,            0.077783,            0.044608,            0.018377,            0.002443,            0.002443,            0.002443
                 231,             0.07888,            0.073495,            0.018499,              0.2998,             0.18596,             0.14401,            0.030943,            0.077558,            0.044631,            0.018162,             0.00241,             0.00241,             0.00241
                 232,            0.071845,            0.068899,            0.017067,              0.2998,             0.18596,             0.14401,            0.030943,            0.077558,            0.044606,            0.018162,            0.002377,            0.002377,            0.002377
                 233,            0.081898,            0.062892,            0.020985,              0.2998,             0.18596,             0.14401,            0.030943,            0.077558,            0.044659,            0.018162,            0.002344,            0.002344,            0.002344
                 234,            0.077489,            0.064109,            0.019171,             0.24951,             0.18596,             0.12491,            0.023763,            0.077876,            0.044344,            0.018061,            0.002311,            0.002311,            0.002311
                 235,            0.073586,            0.067626,            0.017847,             0.24951,             0.18596,             0.12491,            0.023763,            0.077876,            0.044368,            0.018061,            0.002278,            0.002278,            0.002278
                 236,            0.078072,             0.05975,            0.019056,             0.24951,             0.18596,             0.12491,            0.023763,            0.077876,            0.044317,            0.018061,            0.002245,            0.002245,            0.002245
                 237,            0.077299,            0.061571,            0.017161,             0.43703,             0.18596,              0.1795,            0.031345,            0.077464,            0.044318,            0.017983,            0.002212,            0.002212,            0.002212
                 238,            0.082305,            0.061333,            0.020028,             0.43703,             0.18596,              0.1795,            0.031345,            0.077464,            0.044295,            0.017983,            0.002179,            0.002179,            0.002179
                 239,            0.079628,            0.052196,            0.019092,             0.43703,             0.18596,              0.1795,            0.031345,            0.077464,            0.044323,            0.017983,            0.002146,            0.002146,            0.002146
                 240,            0.078624,            0.057281,            0.019418,             0.43703,             0.18596,              0.1795,            0.031345,            0.077464,            0.044323,            0.017983,            0.002113,            0.002113,            0.002113
                 241,            0.079374,            0.055229,            0.017746,             0.37151,             0.15263,             0.14174,            0.027954,            0.077738,            0.044201,            0.017797,             0.00208,             0.00208,             0.00208
                 242,            0.079072,            0.077694,            0.019857,             0.37151,             0.15263,             0.14174,            0.027954,            0.077738,             0.04418,            0.017797,            0.002047,            0.002047,            0.002047
                 243,            0.076755,            0.064712,            0.017941,             0.37151,             0.15263,             0.14174,            0.027954,            0.077738,             0.04418,            0.017797,            0.002014,            0.002014,            0.002014
                 244,            0.082675,            0.067286,            0.019784,             0.26335,             0.12632,             0.13732,            0.026278,            0.078318,            0.043821,            0.017874,            0.001981,            0.001981,            0.001981
                 245,            0.076937,            0.065547,            0.019718,             0.26335,             0.12632,             0.13732,            0.026278,            0.078318,            0.043866,            0.017874,            0.001948,            0.001948,            0.001948
                 246,            0.079181,            0.058864,            0.019791,             0.26335,             0.12632,             0.13732,            0.026278,            0.078318,            0.043866,            0.017874,            0.001915,            0.001915,            0.001915
                 247,            0.077576,            0.071106,            0.019808,             0.38439,             0.15927,             0.14404,             0.02113,            0.078197,            0.044074,            0.017689,            0.001882,            0.001882,            0.001882
                 248,            0.078606,            0.065655,            0.019363,             0.38439,             0.15927,             0.14404,             0.02113,            0.078197,            0.044074,            0.017689,            0.001849,            0.001849,            0.001849
                 249,            0.076986,            0.066159,             0.01949,             0.38439,             0.15927,             0.14404,             0.02113,            0.078197,            0.044074,            0.017689,            0.001816,            0.001816,            0.001816
                 250,            0.076575,            0.068178,            0.018602,             0.16311,             0.15959,            0.097327,            0.013201,             0.07799,            0.043964,            0.017667,            0.001783,            0.001783,            0.001783
                 251,            0.078385,            0.055986,            0.018048,             0.16311,             0.15959,            0.097327,            0.013201,             0.07799,            0.043985,            0.017667,             0.00175,             0.00175,             0.00175
                 252,            0.080421,            0.072362,            0.018616,             0.16311,             0.15959,            0.097327,            0.013201,             0.07799,            0.043964,            0.017667,            0.001717,            0.001717,            0.001717
                 253,            0.080087,            0.062998,            0.018913,             0.44595,             0.15965,              0.1354,             0.01988,              0.0778,            0.043842,            0.017716,            0.001684,            0.001684,            0.001684
                 254,            0.080366,            0.063723,            0.019073,             0.44595,             0.15965,              0.1354,             0.01988,              0.0778,            0.043842,            0.017716,            0.001651,            0.001651,            0.001651
                 255,            0.078086,            0.067261,            0.017768,             0.44595,             0.15965,              0.1354,             0.01988,              0.0778,            0.043842,            0.017716,            0.001618,            0.001618,            0.001618
                 256,            0.076779,            0.063679,            0.019367,             0.44595,             0.15965,              0.1354,             0.01988,              0.0778,            0.043867,            0.017716,            0.001585,            0.001585,            0.001585
                 257,            0.076665,            0.068892,            0.019006,             0.46322,             0.15866,             0.13529,            0.023023,            0.077649,            0.043976,            0.017597,            0.001552,            0.001552,            0.001552
                 258,            0.076661,             0.07438,            0.018268,             0.46322,             0.15866,             0.13529,            0.023023,            0.077649,            0.043927,            0.017597,            0.001519,            0.001519,            0.001519
                 259,             0.08376,            0.055766,            0.021298,             0.46322,             0.15866,             0.13529,            0.023023,            0.077649,            0.043927,            0.017597,            0.001486,            0.001486,            0.001486
                 260,            0.076239,             0.05865,             0.01777,             0.73721,             0.18592,             0.17023,            0.027278,            0.077599,            0.044028,            0.017498,            0.001453,            0.001453,            0.001453
                 261,            0.076359,            0.067448,            0.018263,             0.73721,             0.18592,             0.17023,            0.027278,            0.077599,            0.044028,            0.017498,             0.00142,             0.00142,             0.00142
                 262,            0.079262,            0.067271,            0.018031,             0.73721,             0.18592,             0.17023,            0.027278,            0.077599,            0.044057,            0.017498,            0.001387,            0.001387,            0.001387
                 263,            0.078124,             0.07009,            0.018993,             0.74508,             0.14916,             0.15975,            0.023247,            0.077469,             0.04386,            0.017421,            0.001354,            0.001354,            0.001354
                 264,             0.07816,            0.067996,            0.019802,             0.74508,             0.14916,             0.15975,            0.023247,            0.077469,             0.04391,            0.017421,            0.001321,            0.001321,            0.001321
                 265,            0.075706,            0.065079,            0.017944,             0.74508,             0.14916,             0.15975,            0.023247,            0.077469,             0.04386,            0.017421,            0.001288,            0.001288,            0.001288
                 266,            0.075863,            0.063835,            0.018884,             0.72542,             0.15263,             0.16127,            0.028621,            0.077733,            0.043673,            0.017419,            0.001255,            0.001255,            0.001255
                 267,            0.077186,            0.051441,            0.019029,             0.72542,             0.15263,             0.16127,            0.028621,            0.077733,             0.04372,            0.017419,            0.001222,            0.001222,            0.001222
                 268,            0.081019,            0.050466,            0.017772,             0.72542,             0.15263,             0.16127,            0.028621,            0.077733,            0.043699,            0.017419,            0.001189,            0.001189,            0.001189
                 269,            0.075767,            0.078696,             0.01769,             0.71801,             0.18548,             0.17573,            0.022728,            0.077236,            0.043677,            0.017322,            0.001156,            0.001156,            0.001156
                 270,            0.080271,            0.069737,            0.019219,             0.71801,             0.18548,             0.17573,            0.022728,            0.077236,            0.043704,            0.017322,            0.001123,            0.001123,            0.001123
                 271,            0.077789,            0.078587,            0.018496,             0.71801,             0.18548,             0.17573,            0.022728,            0.077236,            0.043699,            0.017322,             0.00109,             0.00109,             0.00109
                 272,             0.07843,            0.080644,             0.01906,             0.71801,             0.18548,             0.17573,            0.022728,            0.077236,            0.043704,            0.017322,            0.001057,            0.001057,            0.001057
                 273,            0.077101,            0.054599,            0.018743,             0.57069,             0.18596,             0.18271,             0.02748,            0.077166,            0.043652,            0.017259,            0.001024,            0.001024,            0.001024
                 274,            0.076574,            0.054836,            0.017781,             0.57069,             0.18596,             0.18271,             0.02748,            0.077166,            0.043604,            0.017259,            0.000991,            0.000991,            0.000991
                 275,             0.07833,            0.063307,            0.018314,             0.57069,             0.18596,             0.18271,             0.02748,            0.077166,            0.043604,            0.017259,            0.000958,            0.000958,            0.000958
                 276,            0.078054,            0.058549,            0.017173,             0.38355,             0.15965,             0.17247,            0.035928,            0.076804,            0.043751,            0.017022,            0.000925,            0.000925,            0.000925
                 277,            0.078602,            0.065019,             0.01949,             0.38355,             0.15965,             0.17247,            0.035928,            0.076804,            0.043726,            0.017022,            0.000892,            0.000892,            0.000892
                 278,            0.078255,            0.064857,            0.017911,             0.38355,             0.15965,             0.17247,            0.035928,            0.076804,            0.043748,            0.017022,            0.000859,            0.000859,            0.000859
                 279,            0.078812,            0.051735,            0.019706,             0.39858,             0.15965,             0.15475,            0.034131,            0.076872,            0.043678,            0.017149,            0.000826,            0.000826,            0.000826
                 280,            0.079576,            0.063697,            0.018804,             0.39858,             0.15965,             0.15475,            0.034131,            0.076872,            0.043678,            0.017149,            0.000793,            0.000793,            0.000793
                 281,            0.080273,            0.060186,            0.017797,             0.39858,             0.15965,             0.15475,            0.034131,            0.076872,            0.043678,            0.017149,             0.00076,             0.00076,             0.00076
                 282,            0.076396,            0.058964,            0.017883,             0.21204,             0.30526,             0.17169,            0.025144,            0.075931,            0.043786,            0.016845,            0.000727,            0.000727,            0.000727
                 283,            0.073535,            0.059842,            0.018009,             0.21204,             0.30526,             0.17169,            0.025144,            0.075931,            0.043786,            0.016845,            0.000694,            0.000694,            0.000694
                 284,            0.074407,            0.062929,            0.016707,             0.21204,             0.30526,             0.17169,            0.025144,            0.075931,            0.043834,            0.016845,            0.000661,            0.000661,            0.000661
                 285,            0.076733,            0.065762,            0.017112,               0.135,             0.36276,             0.14004,            0.026199,             0.07603,            0.043816,            0.016817,            0.000628,            0.000628,            0.000628
                 286,            0.077528,            0.061665,            0.017252,               0.135,             0.36276,             0.14004,            0.026199,             0.07603,            0.043816,            0.016817,            0.000595,            0.000595,            0.000595
                 287,            0.082218,            0.066828,            0.017912,               0.135,             0.36276,             0.14004,            0.026199,             0.07603,            0.043816,            0.016817,            0.000562,            0.000562,            0.000562
                 288,            0.077526,            0.059329,             0.01727,               0.135,             0.36276,             0.14004,            0.026199,             0.07603,            0.043816,            0.016817,            0.000529,            0.000529,            0.000529
                 289,            0.075653,             0.07228,            0.018862,               0.148,             0.36491,             0.16799,            0.021811,            0.076002,            0.043825,            0.016815,            0.000496,            0.000496,            0.000496
                 290,            0.079362,            0.081668,            0.019744,               0.148,             0.36491,             0.16799,            0.021811,            0.076002,            0.043825,            0.016815,            0.000463,            0.000463,            0.000463
                 291,            0.080035,            0.053311,            0.018612,               0.148,             0.36491,             0.16799,            0.021811,            0.076002,            0.043825,            0.016815,             0.00043,             0.00043,             0.00043
                 292,            0.075198,            0.066177,            0.016456,             0.31553,             0.15962,             0.17139,            0.023905,            0.075983,            0.043878,            0.016764,            0.000397,            0.000397,            0.000397
                 293,            0.077413,            0.071489,            0.018073,             0.31553,             0.15962,             0.17139,            0.023905,            0.075983,              0.0439,            0.016764,            0.000364,            0.000364,            0.000364
                 294,            0.075502,            0.069273,            0.017231,             0.31553,             0.15962,             0.17139,            0.023905,            0.075983,            0.043924,            0.016764,            0.000331,            0.000331,            0.000331
                 295,            0.077964,            0.059862,            0.016529,             0.14625,             0.36491,             0.16848,            0.022821,             0.07599,            0.043927,            0.016805,            0.000298,            0.000298,            0.000298
                 296,            0.081152,             0.07175,            0.020045,             0.14625,             0.36491,             0.16848,            0.022821,             0.07599,            0.043927,            0.016805,            0.000265,            0.000265,            0.000265
                 297,            0.080395,             0.07574,             0.01885,             0.14625,             0.36491,             0.16848,            0.022821,             0.07599,            0.043903,            0.016805,            0.000232,            0.000232,            0.000232
                 298,            0.079247,            0.066665,             0.01899,             0.15044,             0.33158,             0.14621,            0.024431,            0.075905,            0.043813,            0.016796,            0.000199,            0.000199,            0.000199
                 299,            0.079068,            0.063461,            0.017748,             0.15044,             0.33158,             0.14621,            0.024431,            0.075905,            0.043812,            0.016796,            0.000166,            0.000166,            0.000166
